Name,Location,Lat,Lng,Day,Category,Description
Halifax Stanfield Airport (YHZ),Enfield NS,44.8808,-63.5086,Day 0/1/5,Transit,Primary international airport & rental car hub
Moxy Halifax Downtown,5417 Cogswell St Halifax NS,44.6513,-63.5778,Day 0,Base,BOOKED Fri Oct 9 night - Conf #1055927990 - Modern downtown base near Citadel & waterfront
Maritime Museum of the Atlantic,Halifax NS,44.6493,-63.5716,Day 0,Activity,Titanic artifacts & 1917 Halifax Explosion galleries (Fri 6:45 PM reserved)
Halifax Citadel National Historic Site,Halifax NS,44.6468,-63.5813,Extra,Activity,Star-shaped 19th-century fortress overlooking Halifax Harbour (optional add-on)
Peggy's Point Lighthouse,Peggy's Cove NS,44.4930,-63.9181,Day 5,Activity,Iconic coastal lighthouse on ancient granite rock formations (afternoon stop)
Martinique Beach Provincial Park,Martinique NS,44.7190,-63.1670,Day 1,Activity,Longest sand beach in Nova Scotia - coastal stretch stop on Marine Drive
Taylor Head Provincial Park,Taylor Head NS,44.8970,-62.6110,Day 1,Activity,Coastal lookout trail over the Atlantic (signature Marine Drive viewpoint)
Sherbrooke Village,Sherbrooke NS,45.1410,-61.9870,Day 1,Activity,Living-history 1860s gold-rush village (Nova Scotia Museum)
Canso Causeway & Cape Breton Welcome Centre,Port Hastings NS,45.6447,-61.4178,Day 1/4,Transit,Gateway causeway crossing over the Strait of Canso
The Shoreline (Base - West Bay),108 Camerons Road West Bay NS,45.7133,-61.1621,Day 1,Base,BOOKED Sat Oct 10 night - Airbnb Res #HMJWZ39DA4 - Bras d'Or Lake shoreline retreat
Baddeck Village,Baddeck NS,46.1001,-60.7533,Extra,Activity,Bras d'Or Lake village - dining & Celtic Colours detour option
Alexander Graham Bell National Historic Site,Baddeck NS,46.1007,-60.7438,Extra,Activity,Museum & estate of Alexander Graham Bell overlooking the lake
Uisge Bàn Falls Provincial Park,Baddeck NS,46.1989,-60.8016,Extra,Hike,2.7 km gorge trail leading to a dramatic 16m waterfall in fall foliage
Margaree River Salmon Museum & Valley,Margaree Forks NS,46.3314,-61.0968,Day 2,Activity,Scenic autumn river valley famous for world-class fly fishing
The Sunset Harbour Village Suite,15294 Cabot Trail Cheticamp NS,46.6317,-61.0108,Day 2,Base,BOOKED Sun Oct 11 night - Airbnb Res #HM3Y8BH355 - Village suite 20 min from Skyline trail
Cape Breton Highlands NP - West Visitor Centre,Cheticamp NS,46.6436,-60.9577,Day 2,Transit,Park entry passes and trail condition briefings
French Mountain Lookout,Cabot Trail NS,46.7323,-60.8711,Day 2,Activity,Spectacular switchback viewpoint climbing the coastal plateau
Skyline Trail Trailhead,Cape Breton Highlands NP,46.7410,-60.8804,Day 2,Hike,6.5 km iconic headland loop with dramatic sunset ocean boardwalk
Pleasant Bay,Cabot Trail NS,46.8286,-60.8021,Day 3,Activity,Coastal village known for whale watching and coastal cliffs
Meat Cove Cliffs,Meat Cove NS,47.0264,-60.5593,Day 3,Activity,Rugged northern tip of Cape Breton Island with wild cliff vistas
Cabot Landing Provincial Park,Cape North NS,46.9011,-60.4633,Day 3,Activity,Historic landfall point of John Cabot in 1497 with sweeping beach
Neils Harbour Lighthouse & Chowder House,Neils Harbour NS,46.8122,-60.3236,Day 3,Activity,Operating lighthouse and rustic seaside chowder shack
Franey Mountain Trailhead,Ingonish Centre NS,46.6669,-60.4283,Day 3,Hike,Challenging 7.4 km loop with 360-degree panoramic autumn canyon views
Keltic Resort at the Highlands,Ingonish Beach NS,46.6575,-60.3802,Day 3,Base,BOOKED Mon Oct 12 night - Res #27835 - cliffs above the Atlantic at Middle Head
Middle Head Trailhead (Keltic Lodge),Ingonish Beach NS,46.6575,-60.3802,Day 3,Hike,Scenic 3.8 km headland hike jutting between North and South Bays
Cape Smokey Gondola & Tree Walk,Ingonish Ferry NS,46.6200,-60.4100,Day 3,Activity,Atlantic Canada's first gondola to a mountain-top viewing tower
The Gaelic College (Colaisde na Gaidhlig),St. Ann's NS,46.2163,-60.6276,Extra,Activity,Living Gaelic culture demonstration center and Great Hall
Fortress of Louisbourg National Historic Site,Louisbourg NS,45.8924,-59.9866,Extra,Activity,Massive reconstructed 18th-century French fortified port city
Grohmann Knives Factory & Outlet,Pictou NS,45.6765,-62.7134,Day 4,Activity,World-famous handcrafted knife manufacturer factory tour and retail seconds outlet
Hector Heritage Quay & Pictou Waterfront,Pictou NS,45.6753,-62.7112,Day 4,Activity,Historic harborfront of the Ship Hector - Birthplace of New Scotland
Acropole Pizza (Pictou County Pizza),Pictou NS,45.6764,-62.7121,Day 4,Activity,Authentic Pictou County pizza famous for its signature spicy brown sauce
The Lookout Dome One,3839 Highway 331 LaHave NS,44.2758,-64.3575,Day 4,Base,BOOKED Tue Oct 13 night - Airbnb Res #HMEJ8ZMJXK - South Shore geodesic dome with private hot tub
LaHave Cable Ferry,LaHave NS,44.2936,-64.3592,Day 5,Transit,Historic 5-minute cable ferry connecting LaHave to East LaHave and Lunenburg ($7 CAD)
Old Town Lunenburg UNESCO Waterfront,Lunenburg NS,44.3770,-64.3090,Day 5,Activity,UNESCO World Heritage 18th-century shipbuilding harbor & Bluenose II
Mahone Bay Three Churches,Mahone Bay NS,44.4485,-64.3807,Day 5,Activity,Postcard-perfect seaside town with iconic trio of waterfront church steeples
Cape Split Provincial Park,Scots Bay NS,45.3341,-64.4988,Extra,Hike,13.2 km coastal forest hike overlooking dramatic Bay of Fundy whirlpools
Grand-Pre National Historic Site,Grand-Pre NS,45.1092,-64.3106,Extra,Activity,UNESCO World Heritage Acadian landscape and dykeland history
Luckett Vineyards,Wolfville NS,45.0686,-64.3311,Extra,Activity,Iconic Gaspereau Valley winery with the famous red British phone booth
Burntcoat Head Park,Noel NS,45.3100,-63.8058,Extra,Activity,Site of the highest recorded tides in the world with ocean floor walking
